name,nearest_town,nearby_towns,county,distance_mi,elevation_ft,difficulty,route_type,dog_friendly,features,description,source
Blydenburgh County Park - Stump Pond Loop,Smithtown,"Smithtown, Hauppauge, Centereach, Nesconset",Suffolk,6.1,177,easy,loop,yes,"lake, historic mill, dog-friendly, bridle path","Loop around Stump Pond past the 1798 mill district; mostly flat dirt/sand with some roots. Dogs on leash.",AllTrails (4.7 stars, 7008 reviews) / suffolkcountyny.gov
Avalon Park & Preserve - East Farm Loop,Stony Brook,"Stony Brook, St. James, Setauket, Centereach",Suffolk,3.8,272,easy,loop,yes,"meadows, ponds, birding, labyrinth","Rolling meadows and oak-beech forest; color-coded trails. Dogs on leash. Closed Mondays.",AllTrails (1316 reviews)
West Hills County Park - Jayne's Hill,Huntington,"Huntington, Cold Spring Harbor, Woodbury",Suffolk,2.8,350,moderate,out-and-back,yes,"highest point on Long Island, Walt Whitman Trail","Climb to Jayne's Hill (401 ft), the highest natural point on Long Island, via the Walt Whitman Trail.",Long Island Greenbelt Trail Conference (approx.)
Caumsett State Historic Park Preserve - Estate Loop,Lloyd Harbor,"Lloyd Harbor, Huntington, Cold Spring Harbor",Suffolk,6.3,200,moderate,loop,no,"beach, historic estate, birding","Wooded trails, open fields and a pebble beach around the former Marshall Field estate.",Public trail guides (approx.)
Connetquot River State Park Preserve - Main Loop,Oakdale,"Oakdale, Great River, Bohemia",Suffolk,3.5,100,easy,loop,no,"river, trout hatchery, pine barrens","Gentle trails along the Connetquot River past the historic hatchery. No dogs.",NYS Parks (approx.)
Sunken Meadow State Park - Bluff & Boardwalk,Kings Park,"Kings Park, Smithtown, Commack",Suffolk,2.5,150,easy,loop,no,"Long Island Sound views, boardwalk","Boardwalk plus bluff trails overlooking the Sound. No dogs on trails.",NYS Parks (approx.)
Caleb Smith State Park Preserve - Nature Trails,Smithtown,"Smithtown, Centereach, Hauppauge",Suffolk,2.0,60,easy,loop,no,"ponds, wildlife, nature center","Short interpretive trails around ponds; good for kids. No dogs.",NYS Parks (approx.)
Nissequogue River State Park - Bluff Trail,Kings Park,"Kings Park, Smithtown, San Remo",Suffolk,2.2,120,easy,out-and-back,yes,"river bluffs, birding","Bluff-top trail above the Nissequogue River. Dogs on leash.",NYS Parks (approx.)
Cold Spring Harbor State Park - Uplands,Cold Spring Harbor,"Cold Spring Harbor, Huntington, Lloyd Harbor",Suffolk,2.0,250,moderate,loop,yes,"harbor views, greenbelt trailhead","Steep moraine climbs with harbor views; northern trailhead of the Nassau-Suffolk Trail.",NYS Parks (approx.)
Trail View State Park - Greenbelt Section,Woodbury,"Woodbury, Cold Spring Harbor, Syosset",Nassau,4.0,200,moderate,out-and-back,yes,"Nassau-Suffolk Trail, oak forest","Wooded section of the 20-mile Nassau-Suffolk Greenbelt Trail.",NYS Parks (approx.)
Stillwell Woods Preserve - Main Loop,Syosset,"Syosset, Woodbury, Jericho",Nassau,3.0,180,moderate,loop,yes,"oak forest, mountain-bike shared","Rolling oak forest loop shared with mountain bikers; yield to bikes.",Nassau County (approx.)
Bethpage State Park - Trail Loop,Farmingdale,"Farmingdale, Bethpage, Old Bethpage",Nassau,3.2,80,easy,loop,yes,"woodlands, picnic areas","Easy woodland loop near the famous golf courses. Dogs on leash.",NYS Parks (approx.)
Massapequa Preserve - Lake Loop,Massapequa,"Massapequa, Seaford, Farmingdale",Nassau,4.5,40,easy,loop,yes,"lakes, boardwalk, bike path","Flat loop past Massapequa Lake on boardwalk and paved path. Dogs on leash.",Nassau County (approx.)
Heckscher State Park - Field & Forest,East Islip,"East Islip, Great River, Oakdale",Suffolk,3.0,50,easy,loop,no,"bay views, deer, picnic areas","Open fields and forest edge on Great South Bay. No dogs.",NYS Parks (approx.)
Bayard Cutting Arboretum - Woodland Walk,Great River,"Great River, Oakdale, East Islip",Suffolk,2.0,60,easy,loop,no,"arboretum, river, historic manor","Manicured woodland trails along the Connetquot River. No dogs.",NYS Parks (approx.)
Wertheim National Wildlife Refuge - White Oak Trail,Shirley,"Shirley, Mastic, Center Moriches",Suffolk,2.5,40,easy,loop,no,"refuge, birding, boardwalk","Boardwalk and forest trail through the refuge. No dogs.",USFWS (approx.)
Southaven County Park - Greenbelt Trail,Yaphank,"Yaphank, Shirley, Manorville, Medford",Suffolk,5.0,120,moderate,out-and-back,yes,"pine barrens, Paumanok Path","Pine-barren section of the Long Island Greenbelt; sandy footing.",Suffolk County (approx.)
Manorville Hills County Park - Paumanok Path,Manorville,"Manorville, Yaphank, Ridge",Suffolk,4.2,150,moderate,out-and-back,yes,"pine barrens, Paumanok Path","Rolling pine-oak forest on the 125-mile Paumanok Path.",Suffolk County (approx.)
Rocky Point Pine Barrens - Loop,Rocky Point,"Rocky Point, Shoreham, Ridge",Suffolk,3.5,100,easy,loop,yes,"pine barrens","Easy loop through protected pine barrens. Watch for ticks.",NYSDEC (approx.)
Wildwood State Park - Bluff Trail,Wading River,"Wading River, Shoreham, Rocky Point",Suffolk,2.0,200,moderate,loop,no,"Sound bluffs, beach","Climb the bluff stairs for Sound views, loop back through forest. No dogs.",NYS Parks (approx.)
Hallock State Park Preserve - Sound Loop,Riverhead,"Riverhead, Wading River, Calverton",Suffolk,2.4,150,easy,loop,no,"Sound views, birding","Pond and bluff trails to Long Island Sound. No dogs.",NYS Parks (approx.)
Terrell River County Park - Wetlands Loop,Center Moriches,"Center Moriches, East Moriches, Shirley",Suffolk,2.8,60,easy,loop,yes,"wetlands, bay views","Wetland loop with bay views. Dogs on leash.",Suffolk County (approx.)
